{
    "accuracy_train": 0.9938833333333333,
    "accuracy_test": 0.949925,
    "precision": 0.7490900266925503,
    "recall": 0.761094674556213,
    "f1": 0.7550446373975785
}
